{"cameraMode":{"drawMode":0,"name":"Shaded","section":"Shading Mode"},"sceneLighting":false,"audioPlay":false,"sceneViewState":{"showFog":true,"showMaterialUpdate":false,"showSkybox":false,"showFlares":true,"showImageEffects":true,"showParticleSystems":true},"in2DMode":false,"pivot":{"x":-10.435202598571778,"y":0.6525874137878418,"z":2.9691250324249269},"rotation":{"x":-0.0036081827711313965,"y":-0.8766466975212097,"z":-0.0065748062916100029,"w":0.48107630014419558},"size":5.796756744384766,"orthographic":false}