{"cameraMode":{"drawMode":0,"name":"Shaded","section":"Shading Mode"},"sceneLighting":false,"audioPlay":false,"sceneViewState":{"showFog":true,"showMaterialUpdate":false,"showSkybox":false,"showFlares":true,"showImageEffects":true,"showParticleSystems":true},"in2DMode":false,"pivot":{"x":105.92939758300781,"y":-14.345428466796875,"z":-122.21905517578125},"rotation":{"x":0.04125969111919403,"y":0.9222530722618103,"z":-0.10280197113752365,"w":0.37037643790245058},"size":241.7747039794922,"orthographic":false}