{"cameraMode":{"drawMode":0,"name":"Shaded","section":"Shading Mode"},"sceneLighting":true,"audioPlay":false,"sceneViewState":{"showFog":true,"showMaterialUpdate":false,"showSkybox":true,"showFlares":true,"showImageEffects":true,"showParticleSystems":true},"in2DMode":false,"pivot":{"x":12.696605682373047,"y":249.75396728515626,"z":207.27349853515626},"rotation":{"x":-0.0011066410224884749,"y":0.9926943778991699,"z":-0.008932244963943959,"w":-0.12031994014978409},"size":922.0443115234375,"orthographic":false}